{"cameraMode":{"drawMode":0,"name":"Shaded","section":"Shading Mode"},"sceneLighting":true,"audioPlay":false,"sceneViewState":{"showFog":true,"showMaterialUpdate":false,"showSkybox":true,"showFlares":true,"showImageEffects":true,"showParticleSystems":true},"in2DMode":false,"pivot":{"x":0.5892869234085083,"y":-0.08408750593662262,"z":12.516813278198243},"rotation":{"x":-0.0059981816448271278,"y":0.019498322159051896,"z":0.00014390247815754265,"w":0.9998053908348084},"size":9.382582664489746,"orthographic":false}