{"cameraMode":{"drawMode":0,"name":"Shaded","section":"Shading Mode"},"sceneLighting":true,"audioPlay":false,"sceneViewState":{"showFog":false,"showMaterialUpdate":true,"showSkybox":false,"showFlares":false,"showImageEffects":false,"showParticleSystems":false},"in2DMode":false,"pivot":{"x":-2.548438310623169,"y":0.6113951802253723,"z":-1.0462043285369874},"rotation":{"x":-0.09942177683115006,"y":-0.15430106222629548,"z":0.015609819442033768,"w":-0.9828901886940002},"size":1.5888152122497559,"orthographic":false}