{"cameraMode":{"drawMode":3,"name":"Shadow Cascades","section":"Miscellaneous"},"sceneLighting":true,"audioPlay":false,"sceneViewState":{"showFog":false,"showMaterialUpdate":false,"showSkybox":false,"showFlares":false,"showImageEffects":false,"showParticleSystems":false},"in2DMode":false,"pivot":{"x":2.098872661590576,"y":0.18206003308296204,"z":28.477676391601564},"rotation":{"x":-0.008684220723807812,"y":0.03779949992895126,"z":0.0003310171887278557,"w":0.9992570281028748},"size":20.06320571899414,"orthographic":false}